{
    "train_loss": [
        1.4031615904399326,
        1.3445251260484967,
        1.3309799330575125,
        1.3019347497395106,
        1.2690953697477068,
        1.2340710503714425,
        1.2049726826804026,
        1.1832167625427246,
        1.178999842916216,
        1.1444934436253138
    ],
    "val_loss": [
        1.3332610209782918,
        1.2841829220453898,
        1.2656198898951212,
        1.246389349301656,
        1.2186902125676473,
        1.200571846961975,
        1.1782039165496827,
        1.158850328127543,
        1.1397509972254436,
        1.128420392672221
    ],
    "train_acc": [
        0.25,
        0.3535714285714286,
        0.3607142857142857,
        0.45714285714285713,
        0.5214285714285715,
        0.5535714285714286,
        0.6107142857142858,
        0.5892857142857143,
        0.6285714285714286,
        0.6571428571428571
    ],
    "val_acc": [
        0.35,
        0.4166666666666667,
        0.48333333333333334,
        0.5166666666666667,
        0.5833333333333334,
        0.5666666666666667,
        0.5666666666666667,
        0.6833333333333333,
        0.6833333333333333,
        0.6666666666666666
    ]
}