{
    "train_loss": [
        1.3937176159449987,
        1.3443405083247593,
        1.2922851255961827,
        1.2828652552195958,
        1.2458000728062222,
        1.2111385992595127,
        1.1931585720607212,
        1.150487858908517,
        1.1363723312105452,
        1.106407584462847
    ],
    "val_loss": [
        1.4122204462687173,
        1.342882792154948,
        1.3021706660588583,
        1.2720654249191283,
        1.2427318334579467,
        1.217544937133789,
        1.1979079008102418,
        1.17157301902771,
        1.1476889451344807,
        1.1242897748947143
    ],
    "train_acc": [
        0.2571428571428571,
        0.3892857142857143,
        0.45357142857142857,
        0.45714285714285713,
        0.5321428571428571,
        0.5928571428571429,
        0.5857142857142857,
        0.6571428571428571,
        0.6714285714285714,
        0.7142857142857143
    ],
    "val_acc": [
        0.16666666666666666,
        0.4,
        0.4,
        0.4666666666666667,
        0.5333333333333333,
        0.5166666666666667,
        0.6166666666666667,
        0.65,
        0.65,
        0.6833333333333333
    ]
}