{
    "train_loss": [
        1.3567316259656634,
        1.288493057659694,
        1.2393264191491262,
        1.1819615943091257,
        1.129727407864162,
        1.0890990086964198,
        1.0421835150037493,
        0.9985480853489467,
        0.9584095392908368,
        0.9567152823720659
    ],
    "val_loss": [
        1.3243449052174887,
        1.2512014627456665,
        1.2014097849527994,
        1.1583921829859416,
        1.1186294953028362,
        1.0798845847447713,
        1.0475488185882569,
        1.0182023127873738,
        0.9819705168406169,
        0.9566254337628682
    ],
    "train_acc": [
        0.3482142857142857,
        0.48392857142857143,
        0.5321428571428571,
        0.6303571428571428,
        0.6839285714285714,
        0.7160714285714286,
        0.7482142857142857,
        0.75,
        0.7660714285714286,
        0.7678571428571429
    ],
    "val_acc": [
        0.4,
        0.5666666666666667,
        0.65,
        0.75,
        0.7833333333333333,
        0.8,
        0.8,
        0.8,
        0.8,
        0.8166666666666667
    ]
}