{
    "train_loss": [
        1.3671543223517282,
        1.3116354874202183,
        1.248801176888602,
        1.2057692800249373,
        1.160628274508885,
        1.1137746844972882,
        1.094865390232631,
        1.0426765356745038,
        1.0265450818198067,
        0.9882970878056118
    ],
    "val_loss": [
        1.3432570854822794,
        1.2619563579559325,
        1.212126660346985,
        1.1672083377838134,
        1.126854411760966,
        1.0916743516921996,
        1.0572789430618286,
        1.0393913507461547,
        0.998522941271464,
        0.976448671023051
    ],
    "train_acc": [
        0.3142857142857143,
        0.4142857142857143,
        0.5285714285714286,
        0.5607142857142857,
        0.6339285714285714,
        0.6785714285714286,
        0.6464285714285715,
        0.6892857142857143,
        0.6946428571428571,
        0.7267857142857143
    ],
    "val_acc": [
        0.35,
        0.48333333333333334,
        0.5833333333333334,
        0.6333333333333333,
        0.6833333333333333,
        0.7166666666666667,
        0.7,
        0.75,
        0.7666666666666667,
        0.75
    ]
}